{"cameraMode":{"drawMode":0,"name":"Shaded","section":"Shading Mode"},"sceneLighting":true,"audioPlay":false,"sceneViewState":{"m_AlwaysRefresh":false,"showFog":true,"showSkybox":true,"showFlares":true,"showImageEffects":true,"showParticleSystems":true,"showVisualEffectGraphs":true,"m_FxEnabled":true},"in2DMode":false,"pivot":{"x":0.6737042665481567,"y":-1.4644865989685059,"z":-1.2387189865112305},"rotation":{"x":0.43185022473335268,"y":0.06753875315189362,"z":-0.032448988407850268,"w":0.8988174200057983},"size":2.3184289932250978,"orthographic":false}